id,population,rank,,
004,30419928,212,,
248,28007,61,,
008,3002859,111,,
012,35406303,159,,
016,68061,227,,
020,85082,39,,
024,18056072,214,,
660,15423,79,,
010,2500,59,,
028,89018,80,,
032,42192494,100,,
051,2970495,127,,
533,107635,136,,
036,22015576,7,,
040,8219743,3,,
031,9493600,137,,
044,316182,99,,
048,1248348,133,,
050,161083804,181,,
052,287733,56,,
112,9542883,121,,
056,10438353,13,,
084,327719,112,,
204,9598787,178,,
060,69080,31,,
064,716896,134,,
068,10290003,149,,
070,4622292,117,,
072,2098018,138,,
074,0,248,,
076,205716890,88,,
086,4000,238,,
096,408786,92,,
100,7037935,65,,
854,17275115,175,,
108,10557259,221,,
116,14952665,184,,
120,20129878,189,,
124,34300083,11,,
132,523568,142,,
136,52560,71,,
140,5057208,238,,
148,10975648,226,,
152,17067369,52,,
156,1343239923,172,,
162,1496,238,,
166,596,238,,
170,45239079,78,,
174,737284,222,,
180,73599190,228,,
178,4125916,180,,
184,10777,106,,
188,4636348,87,,
384,21952093,205,,
191,4480043,38,,
192,11075244,187,,
531,142180,109,,
196,1138071,40,,
203,10177300,27,,
208,5543453,9,,
262,774389,132,,
212,73126,64,,
214,10088598,161,,
218,15223680,102,,
818,83688164,164,,
222,6090646,150,,
226,685991,218,,
232,6086495,238,,
233,1274709,20,,
231,93815992,199,,
238,3140,57,,
234,49483,22,,
242,890057,122,,
246,5262930,18,,
250,65630692,24,,
254,217000,63,,
258,274512,95,,
260,140,238,,
266,1608321,170,,
270,1840454,173,,
268,4570934,153,,
276,81305856,19,,
288,25241998,160,,
292,29034,34,,
300,10767827,44,,
304,57695,68,,
308,109011,126,,
312,405500,104,,
316,183286,53,,
320,14099032,163,,
831,64775,84,,
324,10884958,220,,
624,1628603,238,,
328,741908,165,,
332,9801664,113,,
334,0,249,,
336,836,238,,
340,8296693,197,,
344,7153519,33,,
348,9958453,28,,
352,313183,15,,
356,1205073612,119,,
360,248216193,167,,
364,78868711,82,,
368,31129225,182,,
372,4722028,4,,
833,85421,77,,
376,7590758,36,,
380,61261254,32,,
388,2889187,125,,
392,127368088,55,,
832,94949,54,,
400,6508887,148,,
398,17522010,157,,
404,43013341,123,,
296,101998,202,,
408,24589122,166,,
410,48860500,51,,
414,2646314,128,,
417,5496737,196,,
418,6586266,186,,
428,2191580,43,,
422,4140289,118,,
426,1930493,200,,
430,3887886,219,,
434,6733620,193,,
438,36713,23,,
440,3525761,41,,
442,509074,17,,
446,578025,66,,
807,2082370,108,,
450,22585517,177,,
454,16323044,169,,
458,29179952,85,,
462,394451,140,,
466,14533511,213,,
470,409836,49,,
584,68480,238,,
474,397730,144,,
478,3359185,183,,
480,1313095,67,,
175,231139,209,,
484,114975406,90,,
583,106487,129,,
498,3656843,101,,
492,30510,35,,
496,3179997,139,,
499,657394,58,,
500,5164,97,,
504,32309239,155,,
508,23515934,192,,
104,54584650,207,,
520,9378,238,,
524,29890686,154,,
528,16730632,21,,
540,260166,48,,
554,4327944,2,,
558,5727707,171,,
562,17078839,216,,
566,170123740,176,,
570,1269,238,,
574,2182,238,,
580,44582,50,,
578,4707270,16,,
512,3090150,141,,
586,190291129,168,,
585,21032,93,,
275,3510045,145,,
591,6310129,124,,
598,6541591,210,,
600,29549517,152,,
604,103775002,103,,
608,48,120,,
612,38415284,238,,
616,10781459,45,,
620,3998905,29,,
630,1951591,86,,
634,827000,76,,
638,21848504,74,,
642,138082178,60,,
643,11689696,110,,
646,30959,198,,
663,37429,174,,
534,7332,115,,
652,7728,83,,
654,50726,238,,
659,162178,37,,
662,5831,46,,
666,103537,238,,
670,194320,130,,
882,32140,156,,
674,183176,96,,
678,26534504,201,,
682,12969606,116,,
686,7276604,81,,
688,90024,62,,
690,5485998,47,,
694,5353494,217,,
702,5483088,8,,
703,1996617,42,,
705,584578,12,,
090,10085638,162,,
706,48810427,215,,
710,30,72,,
239,10625176,238,,
728,47042984,225,,
724,21481334,26,,
144,37200000,135,,
729,560157,203,,
740,2067,131,,
744,1386914,30,,
748,9103788,179,,
752,7655628,14,,
756,22530746,1,,
760,23113901,204,,
158,7768385,25,,
762,43601796,208,,
834,67091089,194,,
764,1201255,105,,
626,6961049,151,,
768,1368,147,,
776,106146,188,,
780,1226383,69,,
788,10732900,91,,
792,79749461,107,,
795,5054828,224,,
796,46335,89,,
798,10619,238,,
800,35873253,185,,
804,44854065,114,,
784,5314317,70,,
826,63047162,10,,
840,313847465,6,,
840,316,6,,
858,3316328,73,,
860,28394180,206,,
548,227574,191,,
862,28047938,98,,
704,91519289,146,,
092,31148,94,,
850,109574,75,,
876,15453,238,,
732,522928,238,,
887,24771809,211,,
894,14309466,195,,
716,12619600,158,,
